{"loss_step": 0.9607501029968262, "_timestamp": 1730540114.0266116, "_runtime": 59.01770567893982, "_step": 4, "_wandb": {"runtime": 68}}