{"loss": 1.113222599029541, "_timestamp": 1730476757.0178168, "_runtime": 31.44703483581543, "_step": 1, "_wandb": {"runtime": 40}}