{"loss": 0.4421178996562958, "_timestamp": 1730475773.031176, "_runtime": 1205.3637840747833, "_step": 103, "_wandb": {"runtime": 1216}}