{"loss_step": 1.1348140239715576, "_timestamp": 1730539864.5805357, "_runtime": 40.75001573562622, "_step": 1, "_wandb": {"runtime": 50}}