{"loss_step": 0.04109816253185272, "_timestamp": 1730642836.4317079, "_runtime": 50157.080959796906, "_step": 5134, "_wandb": {"runtime": 50166}}