{"loss_step": 0.06627611070871353, "_timestamp": 1730537881.2259705, "_runtime": 60768.51572346687, "_step": 6108, "_wandb": {"runtime": 60777}}