{"loss": 0.03619104623794556, "_timestamp": 1730472509.0808792, "_runtime": 2221.536891222, "_step": 241, "_wandb": {"runtime": 2230}}