{"loss": 0.6588362455368042, "_timestamp": 1730476233.18715, "_runtime": 217.37758898735046, "_step": 20, "_wandb": {"runtime": 226}}