{"loss": 0.9738675355911255, "_timestamp": 1730475877.5041409, "_runtime": 50.27670478820801, "_step": 3, "_wandb": {"runtime": 58}}